{"accuracy":{"Logistic regression":0.8472134985,"Decision tree":0.9185304821,"Random forest":0.9272444704,"Gradient boosting machines":0.9293409763},"precision":{"Logistic regression":0.8633088376,"Decision tree":0.9195434928,"Random forest":0.922491539,"Gradient boosting machines":0.9267156372},"recall":{"Logistic regression":0.9557461887,"Decision tree":0.9816356488,"Random forest":0.9900546532,"Gradient boosting machines":0.9876867853},"f1":{"Logistic regression":0.9071750727,"Decision tree":0.9495658348,"Random forest":0.955077561,"Gradient boosting machines":0.9562204532}}