{"Logistic regression": {"age": 0.04099472382439801, "month_income": 1.369074030120022, "employment_length": 0.01918719290049551, "home_ownership": 0.5656212986366825, "loan_intent": 0.36317874211283946, "loan_amount": -0.7435584783204012, "loan_interest_rate": 0.1211576543243416, "previous_loans": -0.006589663592204884, "previous_default": 0.045645066639059345, "loan_grade": 1.0588602428438494}, "Random forest": {"age": 0.031004358673245153, "month_income": 0.2665766444402933, "employment_length": 0.06589994038354595, "home_ownership": 0.12997023864265791, "loan_intent": 0.07689526596353506, "loan_amount": 0.15925887011350076, "loan_interest_rate": 0.04669060100270434, "previous_loans": 0.021372365889082506, "previous_default": 0.004318728044412354, "loan_grade": 0.1980129868470228}, "Gradient boosting machines": {"age": 0.02579039508743865, "month_income": 0.2846768813871765, "employment_length": 0.06131799709026487, "home_ownership": 0.1335190348385142, "loan_intent": 0.0772972213958181, "loan_amount": 0.15724028760253075, "loan_interest_rate": 0.0387428652547867, "previous_loans": 0.015322455177015961, "previous_default": 0.0027555631925032767, "loan_grade": 0.20333729897395106}}